{
"lengthUnit": "mil",
"components": {
	"fields": ["COMPONENT_NO", "COMPONENT_NAME", "LAYER", "X_COORDINATE", "Y_COORDINATE", "ANGLE"],
	"rows": [
		[1, "10%25", "T", 816.6, -1727.36, 0],
		[2, "25%25", "T", 816.6, -1503.54, 0],
		[3, "50%25", "T", 816.6, -1279.52, 0],
		[4, "75%25", "T", 816.6, -947.56, 0],
		[5, "100%25", "T", 816.6, -667.6, 0],
		[6, "A1", "T", 3115, 430, 180],
		[7, "A4988", "T", 990, 690, 180],
		[8, "B-led", "T", 1360, 1215, 0],
		[9, "ESP32", "T", 2105, 615, 0],
		[10, "Flash", "T", 2900, 1090, 270],
		[11, "G-led", "T", 1023.28, 1445.42, 0],
		[12, "MPU", "T", 1710, -640, 270],
		[13, "Oled", "T", 3210, 1125, 270],
		[14, "R1", "T", 834.46, 1445.42, 0],
		[15, "R2", "T", 834.46, 1221.61, 0],
		[16, "R3", "T", 1154.46, 1219.1, 0],
		[17, "R4", "T", 1116.25, -617.6, 0],
		[18, "R5", "T", 1116.25, -897.56, 0],
		[19, "R6", "T", 1116.25, -1229.52, 0],
		[20, "R7", "T", 1116.25, -1453.54, 0],
		[21, "R8", "T", 1116.25, -1677.36, 0],
		[22, "R-led", "T", 1023.28, 1221.61, 0],
		[23, "Stepper-1", "T", 490, 680, 90],
		[24, "Stepper-2", "T", 3555, 420, 90],
		[25, "U3", "T", 3430, -915, 180],
		[26, "U4", "T", 925, -70, 0],
		[27, "U5", "T", 3050, -350, 0],
		[28, "PAD1", "T", 3185, -1210, 0],
		[29, "PAD1", "B", 3185, -1210, 0],
		[30, "PAD2", "T", 3485, -1190, 0],
		[31, "PAD2", "B", 3485, -1190, 0],
		[32, "PAD3", "T", 475, 1420, 0],
		[33, "PAD3", "B", 475, 1420, 0],
		[34, "PAD4", "T", 3650, 1420, 0],
		[35, "PAD4", "B", 3650, 1420, 0],
		[36, "PAD5", "T", 3650, -1635, 0],
		[37, "PAD5", "B", 3650, -1635, 0],
		[38, "PAD6", "T", 475, -1635, 0],
		[39, "PAD6", "B", 475, -1635, 0]
	]
},
"pins": {
	"fields": ["PIN_NO", "PIN_NAME", "PIN_X", "PIN_Y", "LAYER", "PIN_TYPE", "NET_NAME", "NET_TYPE", "PAD_SHAPE", "PAD_SIZEX", "PAD_SIZEY", "HOLE_SIZE", "PAD_ANGLE"],
	"rows": [
		[1, "10%2525_1", 795.41, -1727.36, "T", "SMD", "8-35V", "", "R", 25.06, 21.26, 0, 0],
		[2, "10%2525_2", 837.79, -1727.36, "T", "SMD", "$1N4453", "", "R", 25.06, 21.26, 0, 0],
		[3, "25%2525_1", 795.41, -1503.54, "T", "SMD", "$1N4453", "", "R", 25.06, 21.26, 0, 0],
		[4, "25%2525_2", 837.79, -1503.54, "T", "SMD", "$1N4126", "", "R", 25.06, 21.26, 0, 0],
		[5, "50%2525_1", 795.41, -1279.52, "T", "SMD", "$1N4126", "", "R", 25.06, 21.26, 0, 0],
		[6, "50%2525_2", 837.79, -1279.52, "T", "SMD", "$1N4173", "", "R", 25.06, 21.26, 0, 0],
		[7, "75%2525_1", 785.13, -947.69, "T", "SMD", "$1N4197", "", "R", 31.5, 31.5, 0, 90],
		[8, "75%2525_2", 848.07, -947.42, "T", "SMD", "$1N4173", "", "R", 31.5, 31.5, 0, 90],
		[9, "100%2525_1", 785.13, -667.73, "T", "SMD", "$1N4496", "", "R", 31.5, 31.5, 0, 90],
		[10, "100%2525_2", 848.07, -667.46, "T", "SMD", "$1N4197", "", "R", 31.5, 31.5, 0, 90],
		[11, "A1_1", 3365, 80, "T", "DIP", "R-EN", "", "C", 62.99, 62.99, 40.16, 90],
		[12, "A1_1", 3365, 80, "B", "DIP", "R-EN", "", "C", 62.99, 62.99, 40.16, 90],
		[13, "A1_2", 3365, 180, "T", "DIP", "R-MS1", "", "C", 62.99, 62.99, 40.16, 90],
		[14, "A1_2", 3365, 180, "B", "DIP", "R-MS1", "", "C", 62.99, 62.99, 40.16, 90],
		[15, "A1_3", 3365, 280, "T", "DIP", "R-MS2", "", "C", 62.99, 62.99, 40.16, 90],
		[16, "A1_3", 3365, 280, "B", "DIP", "R-MS2", "", "C", 62.99, 62.99, 40.16, 90],
		[17, "A1_4", 3365, 380, "T", "DIP", "R-MS3", "", "C", 62.99, 62.99, 40.16, 90],
		[18, "A1_4", 3365, 380, "B", "DIP", "R-MS3", "", "C", 62.99, 62.99, 40.16, 90],
		[19, "A1_5", 3365, 480, "T", "DIP", "R-SLEEP", "", "C", 62.99, 62.99, 40.16, 90],
		[20, "A1_5", 3365, 480, "B", "DIP", "R-SLEEP", "", "C", 62.99, 62.99, 40.16, 90],
		[21, "A1_6", 3365, 580, "T", "DIP", "R-SLEEP", "", "C", 62.99, 62.99, 40.16, 90],
		[22, "A1_6", 3365, 580, "B", "DIP", "R-SLEEP", "", "C", 62.99, 62.99, 40.16, 90],
		[23, "A1_7", 3365, 680, "T", "DIP", "R-STEP", "", "C", 62.99, 62.99, 40.16, 90],
		[24, "A1_7", 3365, 680, "B", "DIP", "R-STEP", "", "C", 62.99, 62.99, 40.16, 90],
		[25, "A1_8", 3365, 780, "T", "DIP", "R-DIR", "", "C", 62.99, 62.99, 40.16, 90],
		[26, "A1_8", 3365, 780, "B", "DIP", "R-DIR", "", "C", 62.99, 62.99, 40.16, 90],
		[27, "A1_9", 2865, 780, "T", "DIP", "GND", "GND", "C", 62.99, 62.99, 40.16, 90],
		[28, "A1_9", 2865, 780, "B", "DIP", "GND", "GND", "C", 62.99, 62.99, 40.16, 90],
		[29, "A1_10", 2865, 680, "T", "DIP", "VCC", "", "C", 62.99, 62.99, 40.16, 90],
		[30, "A1_10", 2865, 680, "B", "DIP", "VCC", "", "C", 62.99, 62.99, 40.16, 90],
		[31, "A1_11", 2865, 580, "T", "DIP", "R-1B", "", "C", 62.99, 62.99, 40.16, 90],
		[32, "A1_11", 2865, 580, "B", "DIP", "R-1B", "", "C", 62.99, 62.99, 40.16, 90],
		[33, "A1_12", 2865, 480, "T", "DIP", "R-1A", "", "C", 62.99, 62.99, 40.16, 90],
		[34, "A1_12", 2865, 480, "B", "DIP", "R-1A", "", "C", 62.99, 62.99, 40.16, 90],
		[35, "A1_13", 2865, 380, "T", "DIP", "R-2A", "", "C", 62.99, 62.99, 40.16, 90],
		[36, "A1_13", 2865, 380, "B", "DIP", "R-2A", "", "C", 62.99, 62.99, 40.16, 90],
		[37, "A1_14", 2865, 280, "T", "DIP", "R-2B", "", "C", 62.99, 62.99, 40.16, 90],
		[38, "A1_14", 2865, 280, "B", "DIP", "R-2B", "", "C", 62.99, 62.99, 40.16, 90],
		[39, "A1_15", 2865, 180, "T", "DIP", "GND", "GND", "R", 62.99, 62.99, 40.16, 90],
		[40, "A1_15", 2865, 180, "B", "DIP", "GND", "GND", "R", 62.99, 62.99, 40.16, 90],
		[41, "A1_16", 2865, 80, "T", "DIP", "8-35V", "", "C", 62.99, 62.99, 40.16, 90],
		[42, "A1_16", 2865, 80, "B", "DIP", "8-35V", "", "C", 62.99, 62.99, 40.16, 90],
		[43, "A4988_1", 1240, 340, "T", "DIP", "EN", "", "C", 62.99, 62.99, 40.16, 90],
		[44, "A4988_1", 1240, 340, "B", "DIP", "EN", "", "C", 62.99, 62.99, 40.16, 90],
		[45, "A4988_2", 1240, 440, "T", "DIP", "MS1", "", "C", 62.99, 62.99, 40.16, 90],
		[46, "A4988_2", 1240, 440, "B", "DIP", "MS1", "", "C", 62.99, 62.99, 40.16, 90],
		[47, "A4988_3", 1240, 540, "T", "DIP", "MS2", "", "C", 62.99, 62.99, 40.16, 90],
		[48, "A4988_3", 1240, 540, "B", "DIP", "MS2", "", "C", 62.99, 62.99, 40.16, 90],
		[49, "A4988_4", 1240, 640, "T", "DIP", "MS3", "", "C", 62.99, 62.99, 40.16, 90],
		[50, "A4988_4", 1240, 640, "B", "DIP", "MS3", "", "C", 62.99, 62.99, 40.16, 90],
		[51, "A4988_5", 1240, 740, "T", "DIP", "SLEEP", "", "C", 62.99, 62.99, 40.16, 90],
		[52, "A4988_5", 1240, 740, "B", "DIP", "SLEEP", "", "C", 62.99, 62.99, 40.16, 90],
		[53, "A4988_6", 1240, 840, "T", "DIP", "SLEEP", "", "C", 62.99, 62.99, 40.16, 90],
		[54, "A4988_6", 1240, 840, "B", "DIP", "SLEEP", "", "C", 62.99, 62.99, 40.16, 90],
		[55, "A4988_7", 1240, 940, "T", "DIP", "STEP", "", "C", 62.99, 62.99, 40.16, 90],
		[56, "A4988_7", 1240, 940, "B", "DIP", "STEP", "", "C", 62.99, 62.99, 40.16, 90],
		[57, "A4988_8", 1240, 1040, "T", "DIP", "DIR", "", "C", 62.99, 62.99, 40.16, 90],
		[58, "A4988_8", 1240, 1040, "B", "DIP", "DIR", "", "C", 62.99, 62.99, 40.16, 90],
		[59, "A4988_9", 740, 1040, "T", "DIP", "GND", "GND", "C", 62.99, 62.99, 40.16, 90],
		[60, "A4988_9", 740, 1040, "B", "DIP", "GND", "GND", "C", 62.99, 62.99, 40.16, 90],
		[61, "A4988_10", 740, 940, "T", "DIP", "VCC", "", "C", 62.99, 62.99, 40.16, 90],
		[62, "A4988_10", 740, 940, "B", "DIP", "VCC", "", "C", 62.99, 62.99, 40.16, 90],
		[63, "A4988_11", 740, 840, "T", "DIP", "1B", "", "C", 62.99, 62.99, 40.16, 90],
		[64, "A4988_11", 740, 840, "B", "DIP", "1B", "", "C", 62.99, 62.99, 40.16, 90],
		[65, "A4988_12", 740, 740, "T", "DIP", "1A", "", "C", 62.99, 62.99, 40.16, 90],
		[66, "A4988_12", 740, 740, "B", "DIP", "1A", "", "C", 62.99, 62.99, 40.16, 90],
		[67, "A4988_13", 740, 640, "T", "DIP", "2A", "", "C", 62.99, 62.99, 40.16, 90],
		[68, "A4988_13", 740, 640, "B", "DIP", "2A", "", "C", 62.99, 62.99, 40.16, 90],
		[69, "A4988_14", 740, 540, "T", "DIP", "2B", "", "C", 62.99, 62.99, 40.16, 90],
		[70, "A4988_14", 740, 540, "B", "DIP", "2B", "", "C", 62.99, 62.99, 40.16, 90],
		[71, "A4988_15", 740, 440, "T", "DIP", "GND", "GND", "R", 62.99, 62.99, 40.16, 90],
		[72, "A4988_15", 740, 440, "B", "DIP", "GND", "GND", "R", 62.99, 62.99, 40.16, 90],
		[73, "A4988_16", 740, 340, "T", "DIP", "8-35V", "", "C", 62.99, 62.99, 40.16, 90],
		[74, "A4988_16", 740, 340, "B", "DIP", "8-35V", "", "C", 62.99, 62.99, 40.16, 90],
		[75, "B-led_1", 1338.81, 1215, "T", "SMD", "GND", "GND", "R", 25.06, 21.26, 0, 0],
		[76, "B-led_2", 1381.19, 1215, "T", "SMD", "$1N4721", "", "R", 25.06, 21.26, 0, 0],
		[77, "ESP32_1", 1605, 1315, "T", "DIP", "ESP32_1", "", "C", 60, 60, 36, 0],
		[78, "ESP32_1", 1605, 1315, "B", "DIP", "ESP32_1", "", "C", 60, 60, 36, 0],
		[79, "ESP32_2", 1605, 1215, "T", "DIP", "ESP32_2", "", "C", 60, 60, 36, 0],
		[80, "ESP32_2", 1605, 1215, "B", "DIP", "ESP32_2", "", "C", 60, 60, 36, 0],
		[81, "ESP32_3", 1605, 1115, "T", "DIP", "ESP32_3", "", "C", 60, 60, 36, 0],
		[82, "ESP32_3", 1605, 1115, "B", "DIP", "ESP32_3", "", "C", 60, 60, 36, 0],
		[83, "ESP32_4", 1605, 1015, "T", "DIP", "DIR", "", "C", 60, 60, 36, 0],
		[84, "ESP32_4", 1605, 1015, "B", "DIP", "DIR", "", "C", 60, 60, 36, 0],
		[85, "ESP32_5", 1605, 915, "T", "DIP", "STEP", "", "C", 60, 60, 36, 0],
		[86, "ESP32_5", 1605, 915, "B", "DIP", "STEP", "", "C", 60, 60, 36, 0],
		[87, "ESP32_6", 1605, 815, "T", "DIP", "SLEEP", "", "C", 60, 60, 36, 0],
		[88, "ESP32_6", 1605, 815, "B", "DIP", "SLEEP", "", "C", 60, 60, 36, 0],
		[89, "ESP32_7", 1605, 715, "T", "DIP", "MS3", "", "C", 60, 60, 36, 0],
		[90, "ESP32_7", 1605, 715, "B", "DIP", "MS3", "", "C", 60, 60, 36, 0],
		[91, "ESP32_8", 1605, 615, "T", "DIP", "MS2", "", "C", 60, 60, 36, 0],
		[92, "ESP32_8", 1605, 615, "B", "DIP", "MS2", "", "C", 60, 60, 36, 0],
		[93, "ESP32_9", 1605, 515, "T", "DIP", "MS1", "", "C", 60, 60, 36, 0],
		[94, "ESP32_9", 1605, 515, "B", "DIP", "MS1", "", "C", 60, 60, 36, 0],
		[95, "ESP32_10", 1605, 415, "T", "DIP", "EN", "", "C", 60, 60, 36, 0],
		[96, "ESP32_10", 1605, 415, "B", "DIP", "EN", "", "C", 60, 60, 36, 0],
		[97, "ESP32_11", 1605, 315, "T", "DIP", "RED_LED", "", "C", 60, 60, 36, 0],
		[98, "ESP32_11", 1605, 315, "B", "DIP", "RED_LED", "", "C", 60, 60, 36, 0],
		[99, "ESP32_12", 1605, 215, "T", "DIP", "GREEN_LED", "", "C", 60, 60, 36, 0],
		[100, "ESP32_12", 1605, 215, "B", "DIP", "GREEN_LED", "", "C", 60, 60, 36, 0],
		[101, "ESP32_13", 1605, 115, "T", "DIP", "BLUE_LED", "", "C", 60, 60, 36, 0],
		[102, "ESP32_13", 1605, 115, "B", "DIP", "BLUE_LED", "", "C", 60, 60, 36, 0],
		[103, "ESP32_14", 1605, 15, "T", "DIP", "GND", "GND", "C", 60, 60, 36, 0],
		[104, "ESP32_14", 1605, 15, "B", "DIP", "GND", "GND", "C", 60, 60, 36, 0],
		[105, "ESP32_15", 1605, -85, "T", "DIP", "VCC", "", "C", 60, 60, 36, 0],
		[106, "ESP32_15", 1605, -85, "B", "DIP", "VCC", "", "C", 60, 60, 36, 0],
		[107, "ESP32_16", 2605, 1315, "T", "DIP", "SCL2", "", "C", 60, 60, 36, 0],
		[108, "ESP32_16", 2605, 1315, "B", "DIP", "SCL2", "", "C", 60, 60, 36, 0],
		[109, "ESP32_17", 2605, 1215, "T", "DIP", "SDA2", "", "C", 60, 60, 36, 0],
		[110, "ESP32_17", 2605, 1215, "B", "DIP", "SDA2", "", "C", 60, 60, 36, 0],
		[111, "ESP32_18", 2605, 1115, "T", "DIP", "FLASH", "", "C", 60, 60, 36, 0],
		[112, "ESP32_18", 2605, 1115, "B", "DIP", "FLASH", "", "C", 60, 60, 36, 0],
		[113, "ESP32_19", 2605, 1015, "T", "DIP", "ESP32_19", "", "C", 60, 60, 36, 0],
		[114, "ESP32_19", 2605, 1015, "B", "DIP", "ESP32_19", "", "C", 60, 60, 36, 0],
		[115, "ESP32_20", 2605, 915, "T", "DIP", "R-DIR", "", "C", 60, 60, 36, 0],
		[116, "ESP32_20", 2605, 915, "B", "DIP", "R-DIR", "", "C", 60, 60, 36, 0],
		[117, "ESP32_21", 2605, 815, "T", "DIP", "SDA", "", "C", 60, 60, 36, 0],
		[118, "ESP32_21", 2605, 815, "B", "DIP", "SDA", "", "C", 60, 60, 36, 0],
		[119, "ESP32_22", 2605, 715, "T", "DIP", "SCL", "", "C", 60, 60, 36, 0],
		[120, "ESP32_22", 2605, 715, "B", "DIP", "SCL", "", "C", 60, 60, 36, 0],
		[121, "ESP32_23", 2605, 615, "T", "DIP", "R-STEP", "", "C", 60, 60, 36, 0],
		[122, "ESP32_23", 2605, 615, "B", "DIP", "R-STEP", "", "C", 60, 60, 36, 0],
		[123, "ESP32_24", 2605, 515, "T", "DIP", "R-SLEEP", "", "C", 60, 60, 36, 0],
		[124, "ESP32_24", 2605, 515, "B", "DIP", "R-SLEEP", "", "C", 60, 60, 36, 0],
		[125, "ESP32_25", 2605, 415, "T", "DIP", "R-MS3", "", "C", 60, 60, 36, 0],
		[126, "ESP32_25", 2605, 415, "B", "DIP", "R-MS3", "", "C", 60, 60, 36, 0],
		[127, "ESP32_26", 2605, 315, "T", "DIP", "R-MS2", "", "C", 60, 60, 36, 0],
		[128, "ESP32_26", 2605, 315, "B", "DIP", "R-MS2", "", "C", 60, 60, 36, 0],
		[129, "ESP32_27", 2605, 215, "T", "DIP", "R-MS1", "", "C", 60, 60, 36, 0],
		[130, "ESP32_27", 2605, 215, "B", "DIP", "R-MS1", "", "C", 60, 60, 36, 0],
		[131, "ESP32_28", 2605, 115, "T", "DIP", "R-EN", "", "C", 60, 60, 36, 0],
		[132, "ESP32_28", 2605, 115, "B", "DIP", "R-EN", "", "C", 60, 60, 36, 0],
		[133, "ESP32_29", 2605, 15, "T", "DIP", "GND", "GND", "C", 60, 60, 36, 0],
		[134, "ESP32_29", 2605, 15, "B", "DIP", "GND", "GND", "C", 60, 60, 36, 0],
		[135, "ESP32_30", 2605, -85, "T", "DIP", "3V", "", "C", 60, 60, 36, 0],
		[136, "ESP32_30", 2605, -85, "B", "DIP", "3V", "", "C", 60, 60, 36, 0],
		[137, "Flash_1", 2900, 1140, "T", "DIP", "FLASH", "", "R", 78.74, 78.74, 47.24, 270],
		[138, "Flash_1", 2900, 1140, "B", "DIP", "FLASH", "", "R", 78.74, 78.74, 47.24, 270],
		[139, "Flash_2", 2900, 1040, "T", "DIP", "GND", "GND", "C", 78.74, 78.74, 47.24, 270],
		[140, "Flash_2", 2900, 1040, "B", "DIP", "GND", "GND", "C", 78.74, 78.74, 47.24, 270],
		[141, "G-led_1", 991.8, 1445.29, "T", "SMD", "GND", "GND", "R", 31.5, 31.5, 0, 90],
		[142, "G-led_2", 1054.75, 1445.56, "T", "SMD", "$1N3927", "", "R", 31.5, 31.5, 0, 90],
		[143, "MPU_AD0", 1870, -700, "T", "DIP", "MPU_AD0", "", "O", 78.74, 66.93, 31.5, 270],
		[144, "MPU_AD0", 1870, -700, "B", "DIP", "MPU_AD0", "", "O", 78.74, 66.93, 31.5, 270],
		[145, "MPU_GND", 2370, -700, "T", "DIP", "GND", "GND", "O", 78.74, 66.93, 31.5, 270],
		[146, "MPU_GND", 2370, -700, "B", "DIP", "GND", "GND", "O", 78.74, 66.93, 31.5, 270],
		[147, "MPU_INT", 1770, -700, "T", "DIP", "MPU_INT", "", "O", 78.74, 66.93, 31.5, 270],
		[148, "MPU_INT", 1770, -700, "B", "DIP", "MPU_INT", "", "O", 78.74, 66.93, 31.5, 270],
		[149, "MPU_SCL", 2270, -700, "T", "DIP", "SCL", "", "O", 78.74, 66.93, 31.5, 270],
		[150, "MPU_SCL", 2270, -700, "B", "DIP", "SCL", "", "O", 78.74, 66.93, 31.5, 270],
		[151, "MPU_SDA", 2170, -700, "T", "DIP", "SDA", "", "O", 78.74, 66.93, 31.5, 270],
		[152, "MPU_SDA", 2170, -700, "B", "DIP", "SDA", "", "O", 78.74, 66.93, 31.5, 270],
		[153, "MPU_VCC", 2470, -700, "T", "DIP", "VCC", "", "O", 78.74, 66.93, 31.5, 270],
		[154, "MPU_VCC", 2470, -700, "B", "DIP", "VCC", "", "O", 78.74, 66.93, 31.5, 270],
		[155, "MPU_XCL", 1970, -700, "T", "DIP", "MPU_XCL", "", "O", 78.74, 66.93, 31.5, 270],
		[156, "MPU_XCL", 1970, -700, "B", "DIP", "MPU_XCL", "", "O", 78.74, 66.93, 31.5, 270],
		[157, "MPU_XDA", 2070, -700, "T", "DIP", "MPU_XDA", "", "O", 78.74, 66.93, 31.5, 270],
		[158, "MPU_XDA", 2070, -700, "B", "DIP", "MPU_XDA", "", "O", 78.74, 66.93, 31.5, 270],
		[159, "Oled_1", 3210, 1275, "T", "DIP", "GND", "GND", "R", 66.93, 66.93, 43.31, 270],
		[160, "Oled_1", 3210, 1275, "B", "DIP", "GND", "GND", "R", 66.93, 66.93, 43.31, 270],
		[161, "Oled_2", 3210, 1175, "T", "DIP", "3V", "", "C", 66.93, 66.93, 43.31, 270],
		[162, "Oled_2", 3210, 1175, "B", "DIP", "3V", "", "C", 66.93, 66.93, 43.31, 270],
		[163, "Oled_3", 3210, 1075, "T", "DIP", "SCL2", "", "C", 66.93, 66.93, 43.31, 270],
		[164, "Oled_3", 3210, 1075, "B", "DIP", "SCL2", "", "C", 66.93, 66.93, 43.31, 270],
		[165, "Oled_4", 3210, 975, "T", "DIP", "SDA2", "", "C", 66.93, 66.93, 43.31, 270],
		[166, "Oled_4", 3210, 975, "B", "DIP", "SDA2", "", "C", 66.93, 66.93, 43.31, 270],
		[167, "R1_1", 804.8, 1445.42, "T", "SMD", "GREEN_LED", "", "R", 31.75, 34.02, 0, 0],
		[168, "R1_2", 864.12, 1445.42, "T", "SMD", "$1N3927", "", "R", 31.75, 34.02, 0, 0],
		[169, "R2_1", 804.8, 1221.61, "T", "SMD", "RED_LED", "", "R", 31.75, 34.02, 0, 0],
		[170, "R2_2", 864.12, 1221.61, "T", "SMD", "$1N3917", "", "R", 31.75, 34.02, 0, 0],
		[171, "R3_1", 1124.8, 1219.1, "T", "SMD", "BLUE_LED", "", "R", 31.75, 34.02, 0, 0],
		[172, "R3_2", 1184.12, 1219.1, "T", "SMD", "$1N4721", "", "R", 31.75, 34.02, 0, 0],
		[173, "R4_1", 909.56, -617.6, "T", "DIP", "$1N4496", "", "C", 55.12, 55.12, 27.56, 0],
		[174, "R4_1", 909.56, -617.6, "B", "DIP", "$1N4496", "", "C", 55.12, 55.12, 27.56, 0],
		[175, "R4_2", 1322.94, -617.6, "T", "DIP", "GND", "GND", "C", 55.12, 55.12, 27.56, 0],
		[176, "R4_2", 1322.94, -617.6, "B", "DIP", "GND", "GND", "C", 55.12, 55.12, 27.56, 0],
		[177, "R5_1", 909.56, -897.56, "T", "DIP", "$1N4197", "", "C", 55.12, 55.12, 27.56, 0],
		[178, "R5_1", 909.56, -897.56, "B", "DIP", "$1N4197", "", "C", 55.12, 55.12, 27.56, 0],
		[179, "R5_2", 1322.94, -897.56, "T", "DIP", "GND", "GND", "C", 55.12, 55.12, 27.56, 0],
		[180, "R5_2", 1322.94, -897.56, "B", "DIP", "GND", "GND", "C", 55.12, 55.12, 27.56, 0],
		[181, "R6_1", 909.56, -1229.52, "T", "DIP", "$1N4173", "", "C", 55.12, 55.12, 27.56, 0],
		[182, "R6_1", 909.56, -1229.52, "B", "DIP", "$1N4173", "", "C", 55.12, 55.12, 27.56, 0],
		[183, "R6_2", 1322.94, -1229.52, "T", "DIP", "GND", "GND", "C", 55.12, 55.12, 27.56, 0],
		[184, "R6_2", 1322.94, -1229.52, "B", "DIP", "GND", "GND", "C", 55.12, 55.12, 27.56, 0],
		[185, "R7_1", 909.56, -1453.54, "T", "DIP", "$1N4126", "", "C", 55.12, 55.12, 27.56, 0],
		[186, "R7_1", 909.56, -1453.54, "B", "DIP", "$1N4126", "", "C", 55.12, 55.12, 27.56, 0],
		[187, "R7_2", 1322.94, -1453.54, "T", "DIP", "GND", "GND", "C", 55.12, 55.12, 27.56, 0],
		[188, "R7_2", 1322.94, -1453.54, "B", "DIP", "GND", "GND", "C", 55.12, 55.12, 27.56, 0],
		[189, "R8_1", 909.56, -1677.36, "T", "DIP", "$1N4453", "", "C", 55.12, 55.12, 27.56, 0],
		[190, "R8_1", 909.56, -1677.36, "B", "DIP", "$1N4453", "", "C", 55.12, 55.12, 27.56, 0],
		[191, "R8_2", 1322.94, -1677.36, "T", "DIP", "GND", "GND", "C", 55.12, 55.12, 27.56, 0],
		[192, "R8_2", 1322.94, -1677.36, "B", "DIP", "GND", "GND", "C", 55.12, 55.12, 27.56, 0],
		[193, "R-led_1", 1056.78, 1221.61, "T", "SMD", "$1N3917", "", "R", 31.5, 31.5, 0, 90],
		[194, "R-led_2", 989.78, 1221.61, "T", "SMD", "GND", "GND", "R", 31.5, 31.5, 0, 90],
		[195, "Stepper-1_1", 490, 530, "T", "DIP", "2B", "", "R", 66.93, 66.93, 43.31, 90],
		[196, "Stepper-1_1", 490, 530, "B", "DIP", "2B", "", "R", 66.93, 66.93, 43.31, 90],
		[197, "Stepper-1_2", 490, 630, "T", "DIP", "2A", "", "C", 66.93, 66.93, 43.31, 90],
		[198, "Stepper-1_2", 490, 630, "B", "DIP", "2A", "", "C", 66.93, 66.93, 43.31, 90],
		[199, "Stepper-1_3", 490, 730, "T", "DIP", "1A", "", "C", 66.93, 66.93, 43.31, 90],
		[200, "Stepper-1_3", 490, 730, "B", "DIP", "1A", "", "C", 66.93, 66.93, 43.31, 90],
		[201, "Stepper-1_4", 490, 830, "T", "DIP", "1B", "", "C", 66.93, 66.93, 43.31, 90],
		[202, "Stepper-1_4", 490, 830, "B", "DIP", "1B", "", "C", 66.93, 66.93, 43.31, 90],
		[203, "Stepper-2_1", 3555, 270, "T", "DIP", "R-2B", "", "R", 66.93, 66.93, 43.31, 90],
		[204, "Stepper-2_1", 3555, 270, "B", "DIP", "R-2B", "", "R", 66.93, 66.93, 43.31, 90],
		[205, "Stepper-2_2", 3555, 370, "T", "DIP", "R-2A", "", "C", 66.93, 66.93, 43.31, 90],
		[206, "Stepper-2_2", 3555, 370, "B", "DIP", "R-2A", "", "C", 66.93, 66.93, 43.31, 90],
		[207, "Stepper-2_3", 3555, 470, "T", "DIP", "R-1A", "", "C", 66.93, 66.93, 43.31, 90],
		[208, "Stepper-2_3", 3555, 470, "B", "DIP", "R-1A", "", "C", 66.93, 66.93, 43.31, 90],
		[209, "Stepper-2_4", 3555, 570, "T", "DIP", "R-1B", "", "C", 66.93, 66.93, 43.31, 90],
		[210, "Stepper-2_4", 3555, 570, "B", "DIP", "R-1B", "", "C", 66.93, 66.93, 43.31, 90],
		[211, "U3_1", 3376.61, -855.94, "T", "SMD", "VCC", "", "R", 62.01, 26.46, 0, 180],
		[212, "U3_2", 3483.39, -915, "T", "SMD", "GND", "GND", "P", 211.68, 74.8, 0, 180],
		[213, "U3_3", 3376.61, -974.06, "T", "SMD", "8-35V", "", "R", 62.01, 26.46, 0, 180],
		[214, "U4_1", 875.79, -70, "T", "DIP", "8-35V", "", "C", 68.9, 68.9, 43.31, 0],
		[215, "U4_1", 875.79, -70, "B", "DIP", "8-35V", "", "C", 68.9, 68.9, 43.31, 0],
		[216, "U4_2", 974.21, -70, "T", "DIP", "GND", "GND", "C", 68.9, 68.9, 43.31, 0],
		[217, "U4_2", 974.21, -70, "B", "DIP", "GND", "GND", "C", 68.9, 68.9, 43.31, 0],
		[218, "U5_1", 3000.79, -350, "T", "DIP", "8-35V", "", "C", 68.9, 68.9, 43.31, 0],
		[219, "U5_1", 3000.79, -350, "B", "DIP", "8-35V", "", "C", 68.9, 68.9, 43.31, 0],
		[220, "U5_2", 3099.21, -350, "T", "DIP", "GND", "GND", "C", 68.9, 68.9, 43.31, 0],
		[221, "U5_2", 3099.21, -350, "B", "DIP", "GND", "GND", "C", 68.9, 68.9, 43.31, 0],
		[222, "PAD1_1", 3185, -1210, "T", "DIP", "8-35V", "", "C", 60, 60, 36, 0],
		[223, "PAD1_1", 3185, -1210, "B", "DIP", "8-35V", "", "C", 60, 60, 36, 0],
		[224, "PAD2_2", 3485, -1190, "T", "DIP", "GND", "GND", "C", 60, 60, 36, 0],
		[225, "PAD2_2", 3485, -1190, "B", "DIP", "GND", "GND", "C", 60, 60, 36, 0],
		[226, "PAD3_1", 475, 1420, "T", "DIP", "GND", "GND", "C", 299.21, 299.21, 145.67, 0],
		[227, "PAD3_1", 475, 1420, "B", "DIP", "GND", "GND", "C", 299.21, 299.21, 145.67, 0],
		[228, "PAD4_1", 3650, 1420, "T", "DIP", "GND", "GND", "C", 299.21, 299.21, 145.67, 0],
		[229, "PAD4_1", 3650, 1420, "B", "DIP", "GND", "GND", "C", 299.21, 299.21, 145.67, 0],
		[230, "PAD5_1", 3650, -1635, "T", "DIP", "GND", "GND", "C", 299.21, 299.21, 145.67, 0],
		[231, "PAD5_1", 3650, -1635, "B", "DIP", "GND", "GND", "C", 299.21, 299.21, 145.67, 0],
		[232, "PAD6_1", 475, -1635, "T", "DIP", "GND", "GND", "C", 299.21, 299.21, 145.67, 0],
		[233, "PAD6_1", 475, -1635, "B", "DIP", "GND", "GND", "C", 299.21, 299.21, 145.67, 0]
	]
}
}